{"cameraMode":{"drawMode":0,"name":"Shaded","section":"Shading Mode"},"sceneLighting":true,"audioPlay":false,"sceneViewState":{"showFog":true,"showMaterialUpdate":false,"showSkybox":true,"showFlares":true,"showImageEffects":true,"showParticleSystems":true},"in2DMode":false,"pivot":{"x":11.461999893188477,"y":-10.836000442504883,"z":0.33730000257492068},"rotation":{"x":0.13364236056804658,"y":0.30646881461143496,"z":-0.04351426288485527,"w":0.9414918422698975},"size":20.600902557373048,"orthographic":false}