{"cameraMode":{"drawMode":0,"name":"Shaded","section":"Shading Mode"},"sceneLighting":false,"audioPlay":false,"sceneViewState":{"showFog":true,"showMaterialUpdate":false,"showSkybox":false,"showFlares":true,"showImageEffects":true,"showParticleSystems":true},"in2DMode":false,"pivot":{"x":-5.329999923706055,"y":-8.75010871887207,"z":0.09999960660934448},"rotation":{"x":0.03599221631884575,"y":-0.005698570050299168,"z":0.00020336858869995922,"w":0.9993817806243897},"size":4.73824405670166,"orthographic":false}