{"cameraMode":{"drawMode":0,"name":"Shaded","section":"Shading Mode"},"sceneLighting":true,"audioPlay":false,"sceneViewState":{"showFog":true,"showMaterialUpdate":false,"showSkybox":true,"showFlares":true,"showImageEffects":true,"showParticleSystems":true},"in2DMode":false,"pivot":{"x":0.2791382670402527,"y":-8.86436939239502,"z":0.4550599753856659},"rotation":{"x":-0.13619740307331086,"y":-0.25203537940979006,"z":0.035872917622327808,"w":-0.957434356212616},"size":36.17932891845703,"orthographic":false}