{"cameraMode":{"drawMode":0,"name":"Shaded","section":"Shading Mode"},"sceneLighting":true,"audioPlay":false,"sceneViewState":{"showFog":true,"showMaterialUpdate":false,"showSkybox":true,"showFlares":true,"showImageEffects":true,"showParticleSystems":true},"in2DMode":false,"pivot":{"x":2.561023473739624,"y":-6.436214447021484,"z":-5.528110504150391},"rotation":{"x":0.08681552857160568,"y":0.042127370834350589,"z":-0.0036735539324581625,"w":0.9953730702400208},"size":8.07686996459961,"orthographic":false}