{"cameraMode":{"drawMode":0,"name":"Shaded","section":"Shading Mode"},"sceneLighting":true,"audioPlay":false,"sceneViewState":{"showFog":true,"showMaterialUpdate":false,"showSkybox":true,"showFlares":true,"showImageEffects":true,"showParticleSystems":true},"in2DMode":false,"pivot":{"x":419.7086181640625,"y":68.66001892089844,"z":-79.15884399414063},"rotation":{"x":0.20113612711429597,"y":0.001170594827271998,"z":-0.00025700737023726106,"w":0.9796066284179688},"size":346.5123291015625,"orthographic":false}