{"cameraMode":{"drawMode":0,"name":"Shaded","section":"Shading Mode"},"sceneLighting":false,"audioPlay":false,"sceneViewState":{"showFog":true,"showMaterialUpdate":false,"showSkybox":false,"showFlares":true,"showImageEffects":true,"showParticleSystems":true},"in2DMode":false,"pivot":{"x":-0.8164430856704712,"y":4.62511682510376,"z":0.47050589323043826},"rotation":{"x":0.05098911002278328,"y":-0.0017991135828197003,"z":0.00008214987610699609,"w":0.9987516403198242},"size":20.58840560913086,"orthographic":false}