{"cameraMode":{"drawMode":0,"name":"Shaded","section":"Shading Mode"},"sceneLighting":true,"audioPlay":false,"sceneViewState":{"showFog":true,"showMaterialUpdate":false,"showSkybox":true,"showFlares":true,"showImageEffects":true,"showParticleSystems":true},"in2DMode":false,"pivot":{"x":2.885941505432129,"y":-8.050016403198243,"z":-3.4754981994628908},"rotation":{"x":0.022829694673419,"y":-0.4453348219394684,"z":0.01135232113301754,"w":0.895016074180603},"size":12.426509857177735,"orthographic":false}