{"cameraMode":{"drawMode":0,"name":"Shaded","section":"Shading Mode"},"sceneLighting":false,"audioPlay":false,"sceneViewState":{"showFog":true,"showMaterialUpdate":false,"showSkybox":false,"showFlares":true,"showImageEffects":true,"showParticleSystems":true},"in2DMode":false,"pivot":{"x":0.7400000095367432,"y":-9.628000259399414,"z":0.20000001788139344},"rotation":{"x":0.10341876745223999,"y":0.06260611861944199,"z":-0.0065939468331635,"w":0.9926927089691162},"size":0.8573644161224365,"orthographic":false}