{"cameraMode":{"drawMode":0,"name":"Shaded","section":"Shading Mode"},"sceneLighting":true,"audioPlay":false,"sceneViewState":{"showFog":true,"showMaterialUpdate":false,"showSkybox":true,"showFlares":true,"showImageEffects":true,"showParticleSystems":true},"in2DMode":false,"pivot":{"x":-0.8582238554954529,"y":-6.501965045928955,"z":1.3829487562179566},"rotation":{"x":0.09723908454179764,"y":0.04655899852514267,"z":-0.00456001004204154,"w":0.9941793084144592},"size":21.76823616027832,"orthographic":false}